Year,DMS
2015, 1.5
2016, 1.5
2017, 1.5666666666666664
2018, 2.2666666666666657
2019, 2.1000000000000014
2020, 1.9666666666666677
2021.33333, 1.916666666666667
2021.66666, 2.333333333333334
2021.99999, 2.75
2022.33333, 3.25
2022.66666, 3.25
2022.99999,3.666666666666666
2023.25, 3.5
