Year,DMS
2015,  1.5
2016, 1.5
2017, 1.566666666666666
2018, 2.266666666666666
2019,  2.10000000000000
2020,  1.966666666666668
2021,  2.316666666666665
2022,  3.383333333333333
