Year,DMS
2015,1.5
2016,1.5
2017,1.5666666666666664
2018,2.2666666666666657
2019.25,2
2019.5,2
2019.75,2.416666666666666
2020,1.9666666666666677
2021.25,  1.916667
2021.50,  2.333333
2021.75, 2.750000
2022.25,  3.250000
2022.50,  3.250000
2022.75,  3.666667
2023.16,  3.500000
