time,SSId
2016.5, 0.011111111111111072 
2017.5, 0.11666666666666647 
2018.625, -0.03555555555555543 
2019.375, 0
2019.625, 0.2777777777777777 
2019.875, -0.29999999999999893 
2020.625, -0.006666666666666821 
2021.375, 0.2777777777777777 
2021.625, 0.2777777777777777 
2022, 2833333333333331 
2022.375, 0 
2022.625, -5666666666666662 
2022.9583333333335, 0.2533333333332874 
2023.25, 0.04470588260003952 
2023.4166666666665, 0.26862745079987865 

