time,SSId
2016.5,0.0111111111
2017.5,0.11666666666
2018.625,-0.0355555
2019.375,0
2019.625,0.277777
2019.875,-0.29999
2020.625,-0.006666666
2021.375,0.277777777777
2021.625,0.277777777777
2022,0.283333333
2022.375,0
2022.625,-0.566666
2022.958333,0.25333
2023.25,0.044705
2023.4166666,0.268627