time,SSId
2016.5,0.0111111111
2017.5,0.11666666666
2018.625,-0.0355555
2019.375,0
2019.625,0.27777777
2019.875,-0.2999999
2020.625,-0.0066666 
2021.375,0.27777777
2021.625,0.27777777
2022,283333333333
2022.375,0
2022.625,-5666666666666662
2022.958333,0.253333
2023.25,0.04470588260003952
2023.4166666,0.268627